product_id,comment,rating
samsung-galaxy-s24-ultra-5g,cái ốp lưng thật là tệ làm mất giá của máy. thà ko tặng còn hơn,3
samsung-galaxy-s24-ultra-5g,Khóa vân tay dở tệ . Ko xài cường lực mà mở lên mở xuống ko dc. Thua ss A54. Ss a54 tay bẩn mở vẫn ok. Trải nghiệm tệ. Biết vậy chuyển 15promax,3
samsung-galaxy-s24-ultra-5g,"Điện thoại mình dô chơi game lâu lâu nó cứ xuất hiện mấy đường sọc chớp nhoáng tầm 2s rồi mất, z lỗi này có được đổi đt mới ko ad, mình chưa thấy ai bị lỗi này ở s24U. Mình mua đt mới được 8 ngày",5
samsung-galaxy-s24-ultra-5g,Dùng dc 1 tháng rồi mọi thứ tốt.nhưng khi sử dụng ngoài trời thì máy nóng quá.,4
samsung-galaxy-s24-ultra-5g,"Toàn thấy chê nhỉ. Đây mua máy về dùng ưng ơi là ưng, pin tốt. Máy mát, mượt, cam đẹp, Ai ngon.",5
samsung-galaxy-s24-ultra-5g,Ốp tặng kèm rởm bụi vào xước dăm hết cả viền.,1
samsung-galaxy-s24-ultra-5g,Dùng k tốt lắm. Hoàn thiện kém và màn hình thì tệ hơn cả a73 củ của mình,3
samsung-galaxy-z-fold6,Mới mua dc 10 ngày gọi điện nói tý là nóng máy nhanh hết pin bỏ ra mây chục triệu mua cái đt nay thật là phí.,2
samsung-galaxy-z-fold6,Điện thoại đẹp,5
samsung-galaxy-z-fold6,Tốt,5
samsung-galaxy-z-fold6,"Tôi bước vô cửa hàng thấy các bạn nhân viên TGDD chào hỏi tư vấn rất nhiệt tình, khác với mấy đại lý khác nên nhà tôi hay mua điện thoại ở đây",5
samsung-galaxy-z-fold6,"Mình mới chuyển sang dòng điện thoại gập, hy vọng trải nghiệm ổn",5
samsung-galaxy-z-fold6,"Thiết kế ấn tượng, điện thoại nhẹ",5
samsung-galaxy-z-fold6,Đẹp,5
samsung-galaxy-z-fold6,"Gắn bó với Samsung từ Fold3 tới giờ, sản phẩm đợt này mình rất hài lòng về màu sắc và thiết kế",5
samsung-galaxy-z-fold6,Thích nhất tiếng gập,5
samsung-galaxy-z-fold6,"Fold nhẹ, cầm không quá nặng tay",5
samsung-galaxy-z-fold6,"Sang trọng, đẳng cấp",5
samsung-galaxy-z-fold6,tốt,5
samsung-galaxy-z-fold6,"Rất tốt, đt gập nhưng chơi game rất mượt và ko bị nóng",5
samsung-galaxy-z-fold6,"Tôi chuyển từ iphone qua, hiện tại tôi xài đang chưa quen lắm nhưng về thiết kế tôi thấy rất ấn tượng",5
samsung-galaxy-z-fold6,"Sản phẩm nhìn rất sang, mình hơi băn khoăn trước lúc mua 1 xíu nhưng sau khi trải nghiệm vài tuần thì thấy rất hài lòng",5
samsung-galaxy-z-fold6,"Mình mua tặng sếp, thấy sếp cũng rất hứng thú với sản phẩm này",5
samsung-galaxy-z-fold6,"Sản phẩm oke, hài lòng",5
samsung-galaxy-z-fold6,Sản phẩm rất chất lượng.,5
samsung-galaxy-z-fold6,Tốt,5
samsung-galaxy-z-fold6,Sau khi Ninh Dương giới thiệu thì mình quyết tâm thuyết phục sếp mình mua cho bằng được. Sếp mình rất hài lòngggg 100 điểm cho Samsung,5
samsung-galaxy-z-fold6,"Mình mê dòng này và lần đầu trải nghiệm, thật sự thấy mình tự tin và chuyên nghiệp hơn hẳn",5
samsung-galaxy-z-fold6,"Z Fold6 mỏng và nhẹ thật, sử dụng hài lòng, nhân viên TGDD nhiệt tình",5
samsung-galaxy-z-fold6,Very good,5
tecno-spark-go-1,"Máy đc áp mà giảm còn 1tr1 phải nói quá OK, pin trâu màn OK loa to còn có cả chống nước nữa tuyệt vời",5
tecno-spark-go-1,"Máy quá ngon , mình dùng check mail , lướt web , xem tiktok giải trí và vài con game nhẹ như boom beach và nông trại hayday . Nói chung trong tầm giá này là ngon nhất rồi , thiết kế thì cũng đẹp hiện đại , giá 1tr8 ngon , hợp lí . Mình đã xem rất nhiều review và mất thời gian để tìm 1 con máy giá rẻ , phù hợp với nhu cầu trên , b nào nhu cầu dùng máy như mình thì mua luôn không phải lăn tăn , pin cũng rất trâu nữa.",5
tecno-spark-go-1,"Điện thoại rất tốt so với giá, nhà sản xuất đã làm tôi ngạc nhiên vì cho máy một miếng dán màn hình đã được dán sẵn rất đẹp, xài cơ bản rất mượt, bắt sóng mạnh, âm thanh to nhờ loa kép, có vân tay cạnh viền luôn quá xịn, ít hao pin, chơi game 5v5 đồ họa thấp mượt mà hơn cả mong đợi dù lâu lâu có hơi khựng xíu, tôi thực sự rất hài lòng với máy.",5
tecno-spark-go-1,"Tôi mua 20/10,sóng ảo ,4g kém,nhiều khi đầy sóng nhưng ko goi ko ntin ko nhân đc cuộc gọi ko truy cập đc mạng",1
tecno-spark-go-1,"vô cùng hối hận khi mua, m cũng tham khảo đánh giá của các bạn, thấy khen nhiều nên mua cho mẹ dùng zalo nghe gọi, về sử dụng wifi nhà m cực mạnh, mà đứng ngay cục phát wifi mà vào zalo ko đc, cứ báo wifi yếu, vô google thì chạy chậm như rùa luôn, chắc chắn không sử dụng được rồi",1
tecno-spark-go-1,Gọi Zalo bên kia hầu như ko nghe luôn .mọi thứ điều ổn. Shop tư vấn ạk,4
tecno-spark-go-1,Xoai rât oke san phâm tôt moi ngươi nên mua,5
tecno-spark-go-1,Máy hoạt động ổn,5
tecno-spark-go-1,"Tôi mua lúc 15/1/2025. Xài ok, nhanh, nhạy, và pin cực kỳ trâu, mở rộng gam 3 +3 lên nữa chạy cực kỳ đã. Chỉ có 1890k. Xài ngon vãi. Chơi mấy game cờ bạc ko hề bị lag mặc dù chơi wifi luôn. Tính sắm thêm cái màu đen cho được 1 cặp. 5 sao. Dt ngon.",5
tecno-spark-go-1,"Máy rất OK trong tầm giá,do sản phẩm thương hiệu new nên nhìu người chưa biết đến,pin trâu,tác vụ nhanh,so với các dòng 3tr đến 4tr ko hề thua kém là bao,mua máy tại TGDD Lý Thường Kiệt Q10 rất là OK.Mong nhà sản xuất thương hiệu này ra nhìu dòng máy tương tự để phục vụ nhu cầu người lao động rất nhìu.",5
tecno-spark-go-1,Sao 3 ngày trải nghiệm thì mượt thật sự tầm giá này vượt xa những chiếc tầm 4tr trở lại màng hình to Vân tay nhạy 1 chạm dán sẵn màng hình có sẵn ốp lưng kiểu dáng sang trọng chắc tay k bị trơn vì mặt lưng nhám có ánh kim như xe máy lun nha quý vị nói chung đáng trải nghiệm đó nhaa,5
tecno-spark-go-1,"Đặt cọc trước nhận hàng hôm 4/1/2025 cảm nhận đến giờ, máy dùng rất oke, dùng làm máy phụ quá lý tưởng, fb, zalo, tiktok, youtube,...mượt không lag, loa kép to nữa",5
tecno-spark-go-1,Mua tối ngày 612025 về test thấy êm test game cửu âm game hơn nặng nhưng cũng oke ko đến nỗi ... còn như lướt face xem video hay game liên quân thì mượt như gái 18+ pin trâu nữa ... tuy nhiều chức năng sẽ ít hơn hàng cao cấp nhưng giá này mà mua đc 1 con smarfone thế này là ngon rồi hơn mấy cái đời trước 4 5m .,5
tecno-spark-go-1,"Vải đạn thiệt, mới mua bữa trước bữa sau giảm 100k",3
tecno-spark-go-1,Cho em hỏi máy tecno spark go 1 . Em mới mua được 2 ngày .. mà lên youtube xem phim bật âm lượng to mà khoảng 5 phút sao tự nhiên âm lượng nó nhỏ ạ,4
tecno-spark-go-1,Máy Sài OK loa to lướt web nhanh,5
tecno-spark-go-1,Ô sờ kê tui cày cả liên quân mà thấy mượt đáo để.,5
tecno-spark-go-1,"Giá này là quá hời, mình không chơi game, chỉ lướt wed, pin 5000mah trâu lắm",5
tecno-spark-go-1,"Tôi khẳng định không có điện thoại nào giá 3trieu mà hơn con này cả, thiết kế đẹp,màn HD nhưng sắc nét, đèn pin siêu sáng,loa to trong trẻo, màn 120zh, loa kép, kết nối mạng tốt,pin trâu ko ảo, mượt mà, chíp này mạnh mượt hơn chíp g36 trên đt giá 3trieu nhiều, nói chung điện thoại này giá quá hời trong tầm giá",5
tecno-spark-go-1,Mình mới mua lúc chiều ở tgdd mỏ cày nam Bến Tre. Nếu bạn nào mua làm máy phụ rất ok nhé. Loa to sóng khỏe. Kiểu dáng sang đẹp. Giá 1990k mà ngon hơn những dòng máy hãng khác tầm 3 cũ và hơn 3 cũ á.,5
tecno-spark-go-1,Ngon bổ rẻ.,5
tecno-spark-go-1,Ok ngon trong tầm giá,5
tecno-spark-go-1,"Mua go 2024 xài OK pin trâu,giờ mua thêm go 1.",5
vivo-y28,"Đt vivo y28 mình mới mua mà máy chạy rất chậm nha , vào Facebook, YouTube, tiktok máy chạy rất chậm cứ xoay xoay hoài với lại rất là sài mau hết pin , thua máy vivo củ của mình nha",3
vivo-y28,Pin tuột không phanh ko mở gì vẫn tuột pin xem Youtube 2p tuột 1% còn thua đt vivo y100 mua từ 5 năm trước sạc,2
vivo-y28,"Mình xin hỏi ,lúc xem video tiếng nó phát cả loa ngoài và loa thoại, muốn nge loa ngoài thôi thì tắt loa thoại chỗ nào ah. Tk",3
vivo-y28,"Máy dùng không bao giờ đơ, pin trâu, quá ngon nhé mn, nv tv cũng nhiệt tình nữa, đã test mấy tháng mới quay lại đánh giá",5
vivo-y28,Máy xài 4g kết nối kém,2
vivo-y28,"pin sụt nhanh, tệ quá",1
vivo-y28,"Máy bền, mình dùng mấy tháng rồi mới quay lại đánh giá, pin cực trâu loa to màn hình sáng, nét",5
vivo-y28,pin cực kì mau hết,1
vivo-y28,"Điện thoại pin sụt nhanh quá, xem Youtube vài phút là tụt 1%.",2
vivo-y28,Dạ cho em hỏi là vivo này thì 1% sử dụng được bao nhiêu phút vậy ạ. Em sài thì thấy tụt pin khá nhanh. Em mới mua hôm qua thì trải nghiệm thêm vài bữa nữa rồi e đổi máy được không ạ,3
vivo-y28,"Máy mới mua 1 tháng 2 ngày. Đem về hãng vivo bảo hành thì bảo hư main do hãng. Chính sách bảo hành của hãng vivo rất tệ. Mình hỏi hãng mới mua 1 tháng hư main vậy thay về hư tiếp thì sao. Hãng trả lời hàng điện tử mà chị sao e biết được. Mình thấy rất nhiều bình luận chê dòng máy này mua 1 tháng về là hư main. Nhân viên thế giới di động thì lại giới thiệu dòng máy này tốt, cho những người có thu nhập thấp về sài được 1 tháng. Từ việc này mình sẽ kêu bạn người thân tránh xa tgdd. Quá tệ.",1
vivo-y28,Xài k có gì bất ổn 10 đ,5
vivo-y28,Sài ổn lâu lâu mở lên bị đơ nhx ok,4
vivo-y28,Máy mới mua 1 tháng đã hỏng main. Chính sách bảo Hành của Vivo rất tệ. Khuyên mn không nên dùng.,1
vivo-y28,Bpcskk rất tệ,1
vivo-y28,Bữa giờ sài êm nay hơi kì mới nữa tháng k biết do máy hay do vô tình cập nhật phần mềm mới mà đôi khi nhắn tin thì tự thoát bàn phím hoặc tự chuyển tới mục sticker rồi thêm cái tự mở flash trong khi chức nắng đèn pin thì k bật còn màn hình thì cũng tắt.,4
vivo-y28,Mới mua 5790 giờ có tuần còn 5390 ôi trồi bó tay,5
vivo-y28,Máy OK chạy mượt không đơ máy pin sài lâu.chơi game ổn với tầm giá này thì tôi thấy máy sứng đáng,5
vivo-y28,"Máy đẹp, dễ sử dụng. Ưu điểm là thân máy ko trơn rất dễ cầm thao tác. Máy mượt pin trâu. Nói chung là tốt",5
vivo-y28,Ổn,4
vivo-y28,Mình thích con Vivo Y28 màu cam này. pin 6000 dùng cũng ok lắm.,5
vivo-y28,E có đc tham gia quay thưởng ko vậy,4
vivo-y28,"Mẹ mình mua máy màu xanh rất đẹp , pin siêu trâu , dùng rất mượt , loa to nữa",5
vivo-y28,"Máy cầm đầm tay , pin trâu , mượt , màn sáng",5
xiaomi-14t-5g,Dùng thi thoảng màn hình hay giật giật.kết nối tai nghe blut thì tự nhiên nhận cuộc gọi phát ra loa ngoài luôn.,2
xiaomi-14t-5g,"Máy quá tuột pin, dán miếng bảo vệ màn hình thì dán xéo đè lên camera trước, nhấn đánh giá thì ko thấy hỗ trợ",1
xiaomi-14t-5g,"Mua đc 2 tuần muốn đổi dòng cao cấp hơn mà mất 20%, còn hơn vay nặng lãi, mọi người cân nhắc nha, pin tuột hơn tuột quần",1
xiaomi-14t-5g,"Sau khoảng hai tuần sử dụng, cá nhân tôi cảm nhận chiếc điện thoại này như sau1. Ưu điểm Sản phẩm được hoàn thiện trông khá tốt. Đa nhiệm tương đối mượt, màu sắc hiển thị sắc nét, viền màn hình mỏng đều, nhìn rất thẩm mỹ và tối ưu hóa được diện tích hiển thị. Mức tiêu thụ pin trong các tác vụ bình thường không chơi game khá tốt, tầm trên dưới 15 tiếng nếu dùng thường xuyên, để đt qua đêm mất tầm 45% pin, máy dùng rất mát. WIFI/ 5G, sóng sánh ổn định, âm lượng tương đối to, rõ, không bị bể âm. Chống nước chuẩn IP68. Trang bị nhiều tính năng AI hữu ích. Camera chụp độ phân giải cao, sắc nét, video 4K chất lượng tốt. Trang bị ốp lưng tốt ngay trong hộp, hãng dán sẵn miếng dán màn hình cho máy.2. Khuyết điểm Chất lượng ảnh chụp ở mức bình thường, không quá đẹp, nước ảnh thiên hướng sẫm tối. Không kèm củ sạc nhanh 67W trong hộp mà phải mua riêng.",4
xiaomi-14t-5g,Pin điện thoại mình mới mua được 2 3 ngày. Pin tụt nhanh. Vấn đề này có được bảo hành ko ạ,4
xiaomi-14t-5g,Máy hao pin k làm j qua đêm tụt 5 % pin,3
xiaomi-14t-5g,Tặng phiếu mua hàng đến lúc đổi sang sản phẩm khác thì lại thu lại tiền phiếu mua hàng đúng là sợ đến già,1
xiaomi-14t-5g,Loa nghe rất nhỏ không hay . Màn hình siêu sáng nhìn đã mắt . Sạc 67w khoảng 1 tiếng đầy pin . Chống nước OK không lo hỏng máy . Chip mạnh dùng tác vụ bình thường mượt mà . Điểm yếu nóng nhanh . Mỗi lúc nóng quá là hơi giật lag .,5
xiaomi-14t-5g,Tưởng TGDD thế nào. Quá tệ. Khách mua hàng thì tặng phiếu mua hàng cho khách. Nhưng khách không dùng. Đến khi khách trả hàng để đổi sang sản phẩm khác thì đòi thu tiền phiếu mua hàng đó. Tặng cho khách xong giờ lại thu tiền. Làm việc quá chất luôn. Rồi lấy lý do ko nhìn đc kho khác. Ko in đc phiếu này nọ sợ tgdd đến già luôn,1
xiaomi-14t-5g,"Mua 12990 thì có phiếu 1tr mua all sản phẩm ,giờ giảm còn 11990 thì cắt phiếu, tgdd biết cách làm ăn phết",5
xiaomi-14t-5g,"Xiaomi 14T 5G thì rất chất lượng, nhưng mình sử dụng thấy máy hao pin hơi nhanh so với các dòng khác mình sài là 5.000 mAh. Nói chung Xiaomi 14T rất đáng mua, chất lượng về mọi mặt",5
xiaomi-14t-5g,"Xin hỏi máy mình mua tầm hơn bốn tháng thì có hỗ trợ đổi trả không ạ,máy rất hay lỗi zalo không đồng bộ khi không có chuông khi không có míc khi không có tiếng",3
xiaomi-14t-5g,Sao messenger hay bị lỗi thông báo. Hiện thông báo lên nhưng không đọc được,5
xiaomi-14t-5g,Xài từ 1/1 đến giờ thấy ổn nhen,5
xiaomi-14t-5g,Sao mở khoá màn hình chỉ cần sai 1 lần là bị khoá thiết bị phải đợi 1 phút sau mới mở lại được vậy.nhiều lúc có việc gấp mà bị như vậy rất là bực mình,3
xiaomi-14t-5g,Cho e hỏi chính sách đổi trả ạ,4
xiaomi-14t-5g,Ok,5
xiaomi-14t-5g,Trước em có mua Xiaomi 14t chân sạc bị giật k bt có sao k shop,5
xiaomi-14t-5g,Máy hao pin nhanh và nóg,2
xiaomi-14t-5g,Chụp đêm đẹp,4
xiaomi-14t-5g,"Mấy ngày đầu mua về còn dùng dc 6 7 tiếng mới sạc , sau 7 ngày thì 4 tiếng rưỡi hết 70%",3
xiaomi-14t-5g,Mới mua đc 2 ngày sạc pin đầy 100% pin tắt mạng tắt wifi ko bấm gì hết mà từ 100% tụt xuống còn 90% có thể đổi cái khác ko vậy tgdd,3
xiaomi-14t-5g,Mình ms mua con máy mùng 2 nêud giờ mình muốn trả lại có được không ạ.,5
xiaomi-14t-5g,Đt nhanh nóng pin yếu mười mấy củ thất vọng.,1
xiaomi-14t-5g,"Mới mua xong tức thì, nv bán hàng thì okChưa trải nghiệm đt chưa biết nhưng khách đang mua hàng chưa xong mà nv lấy chổi quét nhà. Mất lịch sự",3
xiaomi-14t-5g,"Thiết kế ổn áp, cạnh vuông, cụm cam 4 mắt độc đáoHiệu năng chip 8300 ultra, mát máy mạnh mẽSạc sạc nhanh, pin 5000mAh đủ dùng cho màn hình độ phân giải caoGiá cả cạnh tranh",5
xiaomi-14t-5g,"Quá ổn trong tầm giá, chụp hình Leica xuất sắc quá trời, có kháng bụi kháng nước.Cấu hình Xiaomi thì khỏi bàn rồi, mạnh hơn mấy cái hãng kia, sắp tới có HyperOS 2.0",5
xiaomi-14t-5g,cho tôi hỏi. khi nào cái hyper OS của xiao mi 14T lên được 2.0 vậy. hiện nay thấy báo chí đăng đã cho cập nhật mà máy tôi lại không thấy báo gì. cảm ơnmáy đang chạy OS 1.07.0,5
xiaomi-14t-5g,"Mới xài chưa đc 2 tháng thì bị rớt cái nút nguồn ra, đem tới cửa hàng thì hẹn từ 7 tới 15 ngày.....rồi lấy gì xài",2
xiaomi-14t-5g,"Quá ngon trong tầm giá này, mọi người nên muaMàn hình đẹp, chụp hình sáng rõ, sạc pin nhanh",5
xiaomi-14t-5g,"Sử dụng rất ngon, cấu hình mạnh ăn đứt mấy dòng kia, bảo hành dài tới 2 năm, mua trong đợt đầu được nhiều ưu đãi.",5
xiaomi-14t-5g,"Ngoại hình màu titan, đẹp, mặt lưng kính hạn chế trầy, đẹpChống bụi nước IP68 ngon lànhCamera leica chụp đường phố, xóa phông rất đẹpTầm giá này cấu hình rất tốt, ổn nhất.",5
xiaomi-14t-5g,"Xài rất tốt, màn hình đẹp, chip mạnh thì chấp nhận sẽ hơi hao pin chút, nhưng xài 1 thời gian thấy pin trâu. Nên mua",5
xiaomi-14t-5g,"Máy tụt Pin rất nhanh, nếu dùng nhiều, ngày có khi phải sạc 2 lần, không bằng con SamSung A12 cũ của mình",2
xiaomi-14t-5g,Mình mới mua dc một đêm dùng máy thấy hơi nóng và tụt bin nhanh có đổi mới dc ko shop,3
xiaomi-14t-5g,Tốt trong tầm giá,5
xiaomi-14t-5g,Ram là 8g thực 4g ảo mở rộng ah các bạn.,3
xiaomi-14t-5g,Cau hình cao . mà sai sao tôi thấy thua con xiaomi 12 t pin thì tụt như tụt quần,1
xiaomi-14t-5g,"Sài dc 1tuần Cãm thấy đt tuột pin khá nhanh so với con 11t cũ cũa mình ,ra tgdd thỳ bão do màn hình độ phân giãi cao ,với đt cấu hình khũng",4
xiaomi-14t-5g,Lúc đầu sài ok lăm...Được khoản nưa tháng thi nt mess đôi khi bị đứng 2 3 giây là bth lại,4
xiaomi-14t-pro-5g-12gb-256gb,xài ok,5
xiaomi-14t-pro-5g-12gb-256gb,Mk mới mua dk 8 ngày 4 ngày đâu tiên thì sạc pin từ 20100% mất có 2530p..xog mấy hôm sau sạc pin từ 20100% mất 1h40 1h50p thì nó mới đầy... Có ae nào bị như thế ko,3
xiaomi-14t-pro-5g-12gb-256gb,"Tuột pin nhanh , có đổi lại được ko ạ",4
xiaomi-14t-pro-5g-12gb-256gb,"Pin tụt nhanh quá.sử dụng nghe gọi bth mà ngày sạc 2 lần,chán quá",2
xiaomi-14t-pro-5g-12gb-256gb,Xài ở q6 mà sóng vs wifi yếu quá mặc dù chỉnh tăng tốc kết hợp 2 wifi r vẫn vậy,3
xiaomi-14t-pro-5g-12gb-256gb,Ok trong tầm giá .mỗi tội pin tụt nhanh .chán,5
xiaomi-14t-pro-5g-12gb-256gb,Tại sao ở ngay trung tâm HN mà mạng Viettel chỉ lên đc 4G+ chứ ko đc 5G vậy mặc dù đã bật ưu tiên 5G rồi,5
xiaomi-14t-pro-5g-12gb-256gb,"Xài ok, pin trâu chip mượt, mà ko bik con này có sạc không dây không. Tải app check thì không có",5
xiaomi-14t-pro-5g-12gb-256gb,"Thiết kế điện thoại đẹp, cảm ứng mượt, loa lớn, chụp ảnh không cần app cũng ổn, sạc nhanh đầy pin. Yếu điểm duy nhất là pin tuột khá nhanh. Sử dụng YouTube, Facebook tối đa được 6 giờ là pin yếu.",4
xiaomi-14t-pro-5g-12gb-256gb,"Quá tệ, nhận máy đã bóc seal giống máy trưng bày, pin tụt rất nhanh, ngày sạc 2 lần dù k dùng nhiều, trải nghiệm khá tệ..",1
xiaomi-14t-pro-5g-12gb-256gb,"Khi nào mới có xiaomi 15, 15 pro Máy ra mắt lâu rồi mà shop Nhanh đi tôi cần mua",5
xiaomi-14t-pro-5g-12gb-256gb,Minh để may qua đêm không chạy ứng dụng gì mà pin hết 10% Máy như vây có phải hư pin không minh mới mua máy dc 3 hôm,5
xiaomi-14t-pro-5g-12gb-256gb,Mọi thứ ổn pin tuột hơi nhanh. Tầm giá này thì ăn đứt nhiều máy rồi. Máy cầm rất chắc chắn đầm tay. Thao tác hằng ngày nhanh mượt. Chơi game mượt máy ít nóng. Chỉ có điều là tại các cửa hàng ít máy quá và hầu như đã bóc hết siu máy. Mua máy mới mà ko đc bóc xiu hơi buồn. Đáng mua tầm 13tr5,5
xiaomi-14t-pro-5g-12gb-256gb,Bắt wifi yếu vào app ngân hàng rất chậm bị lỗi nhiều quá,2
xiaomi-14t-pro-5g-12gb-256gb,Máy mượt nhưng bắt wifi quá kém thua con máy cũ nx,2
xiaomi-14t-pro-5g-12gb-256gb,Máy chạy cũng ok.Wifi bắt siêu chán thua con điện thoại sam sung 3 năm tuổi.,2
xiaomi-14t-pro-5g-12gb-256gb,"Dùng mượt, trải nghiệm mọi thứ đều tốt. Nhưng giá thì tụt quần quá, thiết nghĩ mua để dùng nên không nghĩ nhiều nhưng mới mua được tháng mà giảm sâu đến 4tr thì lần sau chắc không dám mua Xiaomi quá. Không bảo vệ quyền lợi người dùng như apple.",5
xiaomi-14t-pro-5g-12gb-256gb,Trời ơi nó tụt pin nhanh quá để qua đêm không nghe nhạc không Bluetooth tắt 4g để không vậy mà nó tụt từ 30% pin từ lúc 22h đến 6 sáng hôm sau còn 8% pin,4
xiaomi-14t-pro-5g-12gb-256gb,"Máy sử dụng tốt mọi thứ, wifi 4, 5g , xem youtube liên tục đc 8h bằng mạng di động hết 100% pin , mua 16990 sau 30 ngày giảm mất 4050k , củ sạc thì ko thấy giảm , thiết nghĩ tgdd lên giảm giá củ sạc với cáp để người mua máy dễ tiếp cận với phụ kiện hơn , như vậy là tuyệt vời và thiết thực nhất",5
xiaomi-14t-pro-5g-12gb-256gb,xài rất tốt trong tầm giá,5
xiaomi-14t-pro-5g-12gb-256gb,"Mơi mua 12.7 mấy ngày, giờ còn 12.9, máy chụp hình đẹp.",4
xiaomi-14t-pro-5g-12gb-256gb,"Máy ổn, mua thì seal bốc sẵn, số lần sạc pin thì bị reset về 0 liên tục",4
xiaomi-14t-pro-5g-12gb-256gb,"Mua hàng nguyên seal sao thấy bóc sẵn rồi, chưa thấy lỗi gì",4
xiaomi-14t-pro-5g-12gb-256gb,Lúc mình mua 16tr990k mà giờ giảm còn hơn 13tr chán thật sự đã k có tiền còn chớ.. quá tệ,1
xiaomi-14t-pro-5g-12gb-256gb,Vừa mới mua 15tr2 h giảm 13tr7 buồn thực sự.máy đang dùng chưa thấy lỗi gì chỉ là pin tụt hơi nhanh,5
xiaomi-14t-pro-5g-12gb-256gb,Thấy vừa giảm giá mua liền chơi tết dùng Ok cho ace chơi game giá hợp lý rồi.chốt thôi,5
xiaomi-14t-pro-5g-12gb-256gb,"Wifi chập chờn, phải khởi động lại hoặc bật chế độ máy bay thì wifi ổn định lại. Còn lại xài oke. Ko chê vào đâu được.",4
xiaomi-14t-pro-5g-12gb-256gb,"Mới mua vừa rồi 16t990. Nay còn hơn 15tr. Đã không có tiền mà còn như vầy thì chịu rồi. Máy xài ok mọi thứ trừ wifi. Chập chờn, full sóng nhưng không truy cập được, tắt wifi trên máy rồi mở lại mấy lần thì mới được, trong khi các dt khác dùng trong nhà vẫn bình thường. Dòng này bị lỗi wifi hả mọi người.",3
xiaomi-14t-pro-5g-12gb-256gb,"Tuyệt vời quá, cá nhân mình thấy máy quá tốt, chụp hình Leica quá chuyên nghiệp, nước ảnh tốt nhất trong tầm giá.",5
xiaomi-14t-pro-5g-12gb-256gb,"Xiaomi 14T Pro rất tốt, hiệu năng cực mạnh, đáng mua nhất tầm giá, bảo hành dài.",5
xiaomi-14t-pro-5g-12gb-256gb,Ảnh chụp gần bị mờ viền kb là chức năng hay lỗi nữa,3
xiaomi-14t-pro-5g-12gb-256gb,"Máy sài rất tốt ,đã dùng gần 1 tháng rồi .từ tác vụ bình thường đến game nặng.",5
xiaomi-14t-pro-5g-12gb-256gb,Sao dễ chốc sơn viền vậy,3
xiaomi-14t-pro-5g-12gb-256gb,"Điện thoại khi sử dụng nống tầm 4045C, bắt sóng đt và wifi kém, chụp hình bình thường, loa nhỏ, AI không khác gì google.",1
xiaomi-14t-pro-5g-12gb-256gb,"Khả năng bắt wifi quá kém dù dùng mạng chúng với các dòng khác, xem video, bình luận mà K hiện thị đc,",1
xiaomi-redmi-13-6gb-128gb,Sao thông số báo 2 nano sim mà chỉ có 1 khe sim vậy,3
xiaomi-redmi-13-6gb-128gb,Máy này hỗ trợ sinh trắc học k,5
xiaomi-redmi-13-6gb-128gb,Nói chung redmi 13 là ổn trong tầm giá hàng chính hãng những khả năng tối ưu pin chưa hài lòng lắm,4
xiaomi-redmi-13-6gb-128gb,"Từ khi mua máy tới giờ không hiểu sao máy lag kinh khủng. Chơi game không được đã đành, đến lướt fb, tiktok hay xem ytb cũng lag. Bình thường những dòng máy tầm trung cũng phải mượt một thời gian đầu rồi lag dần chứ từ khi mua máy đã như vậy thì thôi.",1
xiaomi-redmi-13-6gb-128gb,"Mình mua máy được 15 ngày, vài ngày nay máy thường xuyên bị đơ màn hình không mở khoá được, phải tắt máy khởi động lại. Mình tưởng lâu lâu bị lỗi nên vẫn để theo dõi thêm nhưng mà bây giờ ngày nào cũng bị lỗi mấy lần, lần nào cũng phải tắt nguồn khởi động lại thì rất phiền phức. Mình xin hỏi có cách nào để khắc phục không ạ Mình cảm ơn",5
xiaomi-redmi-13-6gb-128gb,Sao pin tụt nhanh quá mà báo 2 sim sao chỉ có 1,2
xiaomi-redmi-13-6gb-128gb,"Máy nhanh hết pin, nóng khi sử dụng",2
xiaomi-redmi-13-6gb-128gb,Sao đt chỉ 1 khe sim vậy ạ,4
xiaomi-redmi-13-6gb-128gb,"Đánh giá sản phẩm tệ, pin xuống nhanh, dùng tác vụ giật máy, nhân viên tư vấn không đúng sự thật, chất lượng tệ không như quảng cáo",1
xiaomi-redmi-13-6gb-128gb,Như thu ngân làm việc rất chất lượng,5
xiaomi-redmi-13-6gb-128gb,Cho e hỏi sao khe sim chỉ có 1 khe sim vậy ạ thông số báo 2 sim mà shop,5
xiaomi-redmi-13-6gb-128gb,Lướt web mượt . Tầm giá này vậy là ngon .,5
xiaomi-redmi-13-6gb-128gb,Mới mua chưa đc tháng nói chx đt xem Youtube dù ko bật tiếng cũng kêu rè rè......,3
xiaomi-redmi-13-6gb-128gb,Mới mua giá 4280 mà ko có tai nghe ta hay mua trả góp thì ko có,4
xiaomi-redmi-13-6gb-128gb,"Không lên mua nha mọi người, không tin cứ thử. So với con 10 5G đời tống mà đuổi phọt khói . Màn hình hiển thị mờ , ứng dụng chạy chậm. Quá thất vọng",2
xiaomi-redmi-13-6gb-128gb,"Mày cơ bản xài OK, pin rất trâu, màn LCD nhìn rất sáng rõ,có điều loa đơn hơi nhỏ, ứng dụng nhắn tin lấy của Google chứ không phải của hãng , đc cập nhật lên hyper os 1 , sạc 33w rất nhanh tầm 1h là đầy pin, tầm giá này có 1 chiếc điện thoại có sạc nhanh 33w màn 90hz là rất khó với phân khúc chính hãng như này nên cũng không thể đòi hỏi gì thêm, còn cái nữa là phần mềm hyper os của Xiaomi nói thiệt là quá dở so vs color os của Oppo",4
xiaomi-redmi-13-6gb-128gb,"Có hỏi nhân viên múa online giá rẻ mà nhân viên ko tư vấn, mua bản 6g mà 3tr890",1
xiaomi-redmi-13-6gb-128gb,Pin tuột nhanh dòng này ai cx chê pin hết,1
xiaomi-redmi-13-6gb-128gb,"Mới mua, xài YouTube âm thanh bình thường, chỉ có nghe sách nói trên wed âm thanh thường bị rè trong khi những máy khác vẫn nghe bình thường,ad có cách nào khắc phục tình trạng này ko.",3
xiaomi-redmi-13-6gb-128gb,"Mọi thứ cũng ok, chỉ có pin tuột hơi nhanh, bữa mua con tecno pin 5000 trâu lắm còn con này cũng 5000 mà mới xài chút tuộc 14%, gặp con tecno bữa mua tuộc cỡ 67% à,xui cái là con kia cảm ứng đôi lúc nhấn không được đành đổi qua con này.",5
xiaomi-redmi-a3,"Tôi mua và sử dụng Redmi A3 thấy rất ổn, tuy đội lúc chơi LQ hơi lag chút .",5
xiaomi-redmi-a3,Loa điên thoai kha nho ạ. Mua cho phụ huynh ma nho qua không nghe ro .,3
xiaomi-redmi-a3,"Cho hỏi thay đổi khoá màn hình chỗ nào,",4
xiaomi-redmi-a3,"Tôi mua và sử dụng Redmi A3 thấy rất ổn. Tôi đọc thấy nhiều người kêu pin tụt nhanh, nhưng tôi thấy rất bình thường, thậm chí pin trâu hơn kỳ vọng của tôi. Mọi người yên tâm mua nhé",5
xiaomi-redmi-a3,"Thứ nhất lúc tôi ra mua hàng cho bố là tôi dự định mua máy techno giá 1,890 nhưng nhân viên tư vấn báo với chúng tôi là phải đợi máy 7 ngày mới có nên hướng tôi sang dùng máy này và cùng phân khúc giá,vì tôi đã dùng máy techno spark go 2024 rồi nên tôi thấy nó OK giờ giới thiệu tôi chọn ngày vì trước giờ mua máy gia đình tôi đều mua ở tgdt nhưng mà mn đã thấy về dùng máy lag và nóng trong khi chỉ cài các ứng dụng cơ bản nhất trên điện thoại mà rất lag,sắp tới tôi muốn mua thêm điện thoại cho mẹ tôi nữa thử hỏi có dám mua nữa không hiện tại cho đến hôm nay gần 20 ngày vẫn mong sợ hổ trợ mà vẫn chưa có cuộc giải thích nào,buồn",1
xiaomi-redmi-a3,"vừa mới mua máy được 30p lag và chậm , hay tự động tắt màn hình dù k tác động tới, chỉ tải ứng dựng cơ bản nhưng cực lag ,cho hỏi giờ nếu đem ra đổi để bù tiền lấy điện thoại khác thì trừ bao nhiêu vậy",2
xiaomi-redmi-a3,máy khá yếu xài ứng dụng bình thường tik tok facebook củng giật lag có người gọi đến đôi khi đơ đứng không nghe máy đượce muốn gửi lại máy không biết bên tgdd có thu lại k ạ,2
xiaomi-redmi-a3,Máy lag lắm. Camera mờ căm,2
xiaomi-redmi-a3,Máy quá tệ. Chậm giật lag,2
xiaomi-redmi-a3,"Điện thoại quá lag,tác vụ thông thường lướt web ,nghe youtube thôi còn giựt lag,không thể giữ ứng dụng nền.Load lại khá là lâu,làm trễ nải hết mọi công việc.",1
xiaomi-redmi-a3,Mình mới mua đc 1 tuần giờ muốn đổi máy khác có đổi được không ạChính sách nhiw thế nào ạ,3
xiaomi-redmi-a3,"Mới mua chưa được 1 tháng đã bị sụp màn hình, đem ra thì nói không mở nguồn không thu vô được, còn bảo đem đi bảo hành 10 ngày đến nữa tháng đến lúc đó bảo qua 1 thabsg không mua nữa thì sao làm ăn dối trá, lừa đảo",1
xiaomi-redmi-a3,Mới mua về cục sạc không sạc được,2
xiaomi-redmi-a3,Ok,5
xiaomi-redmi-a3,"Khá là lag, đơ giật khó chịu dù không có app nặng trên máy.",3
xiaomi-redmi-a3,loa điện thoại khá nhỏ,3
xiaomi-redmi-a3,Máy chạy khá ổn định khi dùng các tác vụ thông thường.độ sáng 550 là khá thấp khi dùng ngoài trời,3
xiaomi-redmi-a3,tốt,4
xiaomi-redmi-a3,Phù hợp cho phụ huynh lớn tuổi dùng,3
xiaomi-redmi-a3,Dùng được,5
xiaomi-redmi-a3,Với mức giá như vậy đt như vậy là tốt rồi tôi cho 5 sao tuy dùng lâu có lúc bị lát,5
xiaomi-redmi-note-13,"cảm ứng không nhạy, thường xuyên bị phải khởi động lại mới hết.",1
xiaomi-redmi-note-13,Tự tay đập hộp ngỡ như nằm mơ,5
xiaomi-redmi-note-13,"Nói chung là cũng k ổn lắm , bắt wifi tệ , tự nhiên bật màn hình lên lướt k đc xong tắt bật lên lại thì lướt đc , hazzz",2
xiaomi-redmi-note-13,Máy hay bị đơ lag nói chung khá tệ. K có NFC,2
xiaomi-redmi-note-13,Máy chơi game mát lạnh. Sạc 45p. Màn đẹp. Chạy nhiều ứng dụng đôi khi khựng lại. Nhưng không sao. Tác vụ cơ bản thì đỉnh của đỉnh. Pin trâu bò. Chơi game 8 tiếng. Xem youtube 12 tiếng.,5
xiaomi-redmi-note-13,Sản phẩm phụ kiện đi theo cụ thể sạc PIN bị hư có được bảo hành không ạ,4
xiaomi-redmi-note-13,Máy pin trâu bền,5
xiaomi-redmi-note-13,"Mua online có sale khi nhận là máy trưng bày tủ cho khách xem màu.... theo giải thích của e giao hàngMình kiểm tra thì nilong vỏ hộp, nilong bọc máy đã bóc, cáp sạc dây nguồn....nói chung toàn bộ liên quan ko như mới máy đã bật nguồn và hoạt động hơn 7h, trong Album có ảnh chụp từ 8/12/2024. Kiểm tra sơ bộ máy hoạt động bình thường, do vội có việc nên nhận máy nhưng qua mấy ngày sử dụng cơ bản, không game, đôi khi thấy máy hơi đơ đơ, bấm vào app ko có phản hồi. Với trường hợp này đổi/trả thì bên shop tính chiết khấu ra sao a",2
xiaomi-redmi-note-13,"Mua note 13 chưa được 1 năm mà giờ cảm ứng nhảy loạn xạ, viết chữ này nhảy chữ kia, có khi không bấm máy tự động nhảy ứng dụng.",2
xiaomi-redmi-note-13,"Máy tụt 2% pin là chế độ bảo vệ pin không cho sạc đầy đó các bạn, nếu muốn sạc đầy thì chọn chế độ sạc tối đa 100%",5
xiaomi-redmi-note-13,"Mua chưa được 2 tháng, SD mới 1thang mà đã chán, game lag mà bình thường lướt tiktok cũng lag luôn, muốn đổi máy mới mà mất phí cao quá nên tiếc tiền, nghe gọi thì được . Sẽ k quay lại hãng này lần nào nữa",2
xiaomi-redmi-note-13,"Xài được 1 thời gian, ko rơi vỡ, ko dính nước, chỉ chơi game với học bình thường thôi, thỉnh thoảng loạn cảm ứng, loạn trong thời gian dài mặc dù chả làm hư hỏng gì",1
xiaomi-redmi-note-13,Máy bị lỗi dấu vân tay Máy bị khá nhìu lỗi,3
xiaomi-redmi-note-13,Máy mua 3 tháng muốn đổi máy khác tính như nào vậy shop.,4
xiaomi-redmi-note-13,Đã dùng đc hơn 1 tháng chưa thấy xảy ra lỗi gì to tát nhưng cảm giác loa mở to hơi rè.,4
xiaomi-redmi-note-13,"Săn sale từ 4390000 canh lúc 8h sáng có 15 phút săn sale để nhận về máy không có seal, với giá 3990000 dù có bảo hành nhưng vẫn không thể tin cách buôn bán không rõ ràng",1
xiaomi-redmi-note-13,cho xin hỏi giá bán vào đầu tháng 9 ở thế giới Di Động là bao nhiêu vậy,4
xiaomi-redmi-note-13,Máy thì ổn hết có cục pin thì quá tệ mới sắc 100 rút ra chưa kịp bấm gì còn 98,3
xiaomi-redmi-note-13,Mới mua 1 tuần máy chậm lag yếu.về hãng bảo hành chạy lại chương trình củng như vậy k khá lên đc .ra điện máy xanh kiểm tra lại đổi máy được không,1
xiaomi-redmi-note-13,"Mạng chậm như rùa xài chả được, đổi 1 lần vẫn vậy chán",1
xiaomi-redmi-note-13,Mua cũng dc 89 tháng .hiện tại bây giờ máy mau tuột pin . Sạt đầy 100%rúy ra tuột ngay 2%Máy bắt wifi yếu. Máy hiện tại bin hiện tượng treo logo phải reset máy lại khá bực. Tầm giá thì sài tạm ổn..camera truoc thi chụp khá tệ,2
xiaomi-redmi-note-13,"Pin tụy nhanh hơn tụt quần, mới mua đc 34 ngày chưa cài app gì đừng đổ thừa tại app chạy ngầm. Sạc đầy ngủ giấc thức dậy mất 1020% pin Lỗi vậy đổi máy đc không, hay đem máy ra lại đổ thừa tại app",1
xiaomi-redmi-note-13,Máy không có NFC nha ..... nên chọn dòng máy khác nha,2
xiaomi-redmi-note-13,Bluetooth chập chờn,3
xiaomi-redmi-note-13,máy có hỗ trợ NFC không ak,3
xiaomi-redmi-note-13,"Máy m dùng hay lỗi cảm biến lúc gọi đi, gọi đến hay tắt màn hình bấm nút nguồn lại sáng bình thường",3
xiaomi-redmi-note-13,Mình vừa mua tại TGDD hà Giang mà giá cho bản 8GB+128GB Vẫn 5tr290k là sao. Trên đây có 4tr 6 .,4
xiaomi-redmi-note-13,Không biết tgdd có chia sẽ thông tin cá nhân không. Sao mà mới mua trả góp ngân hàng home xong có người nt zalo bảo có chương trình cho vay liền,5
xiaomi-redmi-note-13,"Mấy bố khó tính vãi ,tui dùng thấy OK mà nhưng để qua đêm pin tụt mất 2% pin là đúng ,còn các ông muốn mượt thì dùng iPhone cho mượt",5
xiaomi-redmi-note-13,"Pin sạc 100% nhưng khi rút sạc thì còn 98%, còn tụt pin rất nhanh, nhắn tin bị đơ không hiện bàn phím.",1
xiaomi-redmi-note-13,"Không nhận sim thường xuyên tới cửa hàng củng khởi động lại máy r thôi có khi ngày 23 lần làm ban đêm về mệt ban ngày ngủ người nhà điện có việc gì ,shiper r lum la việc cũng k gọi được đem ra cửa tiệm cũng như k rất phiền phải chạy tới lui",1
xiaomi-redmi-note-13,Mic bắt quá kém,2
xiaomi-redmi-note-13,"Nhanh hết pin, sạc xong rút ra chưa sài đã tụt pin",2
xiaomi-redmi-note-13,"Tạm ổn với giá tiền.Không đòi hỏi gì thêm,còn mấy bạn khó tính chê này nọ thì đi mua máy mắc tiền mà dùng.",4
xiaomi-redmi-note-13,"Nhanh hết pin quá , mọi thứ còn lại khá ổn . chỉ có pin nhanh hết",3
xiaomi-redmi-note-13,"Máy dùng khá, chụp ảnh tốt, lướt net nhanh ấm máy",4
xiaomi-redmi-note-13,Dùng được 34 tháng r mà bất ổn quá.ae nên tìm hiểu dòng máy khác,1
xiaomi-redmi-note-13,"Mở máy lên cứ xuất hiện chữ đừng che phần tai nghe, mà có che đâu cứ phải bấm nút tăng âm lượng để tắt chán quá.với lại mình dùng 2sim của Viettel cuộc gọi đến ko biết đến sim nào cài nhạc chuông để phân biệt thì không cài được.",2
xiaomi-redmi-note-13,"Lướt zl ,FB nó giựt như kinh phong ,ko biết có chỗ đổi mới ko nữa ,chán",3
xiaomi-redmi-note-13,Bên mình có thu lại k ạ,5
xiaomi-redmi-note-13,"Nghe mọi người bình luận đa số là không tốt nhưng tui thấy có gì đâu nhỉ, dùng mượt, pin lâu, sạc siêu nhanh, thông báo nhanh chứ không chậm như mọi người nói, dùng một thời gian rồi vẫn rất tốt. Nhưng có cái là mở nguồn hơi lâu thôi",5
xiaomi-redmi-note-13,Mới mua mà bị lỗi như này rồi,3
xiaomi-redmi-note-13,Có lúc đơ k làm được gì,1
xiaomi-redmi-note-13,"Tôi mới mua ngày 1/11 giờ muốn đổi lại loại khác đc không ạ, dt bắt sóng rất tệ.",2
xiaomi-redmi-note-13,Mới mua 3 ngày pin 5000 mà nhanh hết lạy luôn,3
xiaomi-redmi-note-13,Lúc mua 4.990 mới có 1 tháng giảm còn 4.390.. được cái máy dùng im,4
xiaomi-redmi-note-13,Loại này xiaomi note 14 4g hay xiaomi note 14 5g vậy,5
xiaomi-redmi-note-13,Đã dùng đc tầm 9 tháng với cái lỗi dùng cảm biến vân tay khi mở khóa vào màn hình chính thi thoảng bị đơ với loạn cảm ứng. Đầu tiên cứ nghĩ là do phần mềm nhưng đã up từ miui lúc mở hộp lên hyper os vẫn bị.,2
xiaomi-redmi-note-13,"Mới mua được gần 1 tháng, hiện tại dùng rất hài lòng, pin sạc nhanh và cũng k sụt nhanh như mấy bạn nói. Cần thêm thời gian để có trải nghiệm, đánh giá đúng đắn nhất",5
xiaomi-redmi-note-13,"Sử dụng gần 1 năm. Mọi chức năng tốt. Lâu lâu có vài vấn đề hiển thị chắc do phần miềm. Kính thì hơi kém chất lượng.rơi nhẹ thôi mà đã mẻ kính rồi,dù đã dán cường lực.và vấn đề nữa là khi lấy máy ra khỏi túi hay vô tình ấn phải nút nguồn ,thế là phải đợi hơn 2 phút máy mới khởi động song.chán chỉ muốn tháo bỏ luôn nút nguồn của máy",3
xiaomi-redmi-note-13,Mua điện thoại ngày 05/09/2024 dùng đến giờ vẫn ok nhưng đi học để trong túi quần khi đến trường lấy ra thì màn hình cảm ứng ko ăn đợi tầm 1015 phút thì bình thường lại cho hỏi là do lỗi gì vậy,4
xiaomi-redmi-note-13,Không hiểu sao cách đây mới mua cx ko lâu sạc pin đầy 100% mà khi rút ra còn 98%. Ko hiểu làm ăn v á rất tệ,1
xiaomi-redmi-note-13,"Mình mua máy này vào ngày 4/2/2024, điện thoại hay bị mất sóng của sim chính, phải khởi động lại thì mới có sóng. Cho hỏi có cách nào cải thiện ko ạ Mình muốn đổi sang máy khác thì TGDD hỗ trợ thu lại bao nhiêu ạ",3
xiaomi-redmi-note-13,"Cho em hỏi, đt note 13 em còn bảo hành, e lỡ làm rớt nứt màn hình cường lực có sẵn của máy. Có bảo hành thay đc ko ạ, và nếu ko thì mất phí có giảm giá ko . Trả lời giúp em xin cảm ơn.",4
xiaomi-redmi-note-13,Máy mới mua chưa dùng nhiều nhưng nhân viên TGDĐ Ngã 3 An Thái Trung thân thiện nhiệt tình 10 điểm,5
xiaomi-redmi-note-13,"Củng đọc đánh giá tham khảo 1 thời gian rồi mới mua,nhưng chất lượng đúng tệ như mọi người nhận xét,dùng mâý tháng thì loa lúc được lúc không,bật chế độ đèn pin lúc sáng lúc không,khuyên mọi người không nên chọn sản phẩm này nhé",1
xiaomi-redmi-note-13,Mình mới mua ngày 30/10. Nhưng mà tắt nguồn bật lên nó bị treo logo. Lỗi này khắc phục thế nào ạ,4
xiaomi-redmi-note-13,Dùng Được Vài Tháng Mất 1 cảm ứng + loạn cảm ứngchán,3
xiaomi-redmi-note-13,"Mình mới mua được 3 hôm 25/10/2024 để qua đêm bị tụt gần 10% pin , nút cảm ứng vân tay dưới màn hình không được nhậy như dòng cạnh sườn . nói chung tuy mới 3 ngày sử dụng mình thấy thua xa Redmi not 10 .",2
xiaomi-redmi-note-13,"dùng được 1 tháng thấy mọi thứ ok, dung lượng pin là 5000mA mà sạc đầy 100% không sài qua tầm 30p tụt xuống 93% 94%. Không hiểu kiểu gì",3
xiaomi-redmi-note-13,"Điện thoại xài mượt,nhân viên nhiệt tình thân thiện,cảm nhận của tôi thấy rất ok còn về lâu sài lâu dài mới biết cho 5sao nhân viên nhiệt tình",5
xiaomi-redmi-note-13,Điện thoại sạc pin đầu sạc nhanh la sao sac nhầm đầu thì để cả buổi tối hk lên pin,3
xiaomi-redmi-note-13,"Chân thành khuyên mọi người đừng mua. Tôi mua các app chạy khá chậm, nhưng trong tầm giá cũng chấp nhận được, chỉ 1 vấn đề chí mạng là bắt mạng 4G cực kỳ kém, hầu như chỉ dùng được Zalo mà thôi. Ban đầu tôi tưởng do mạng 4G bị lỗi, thay sim lắp điện thoại khác bắt rất chuẩn tôi mua gói 120. Điều này cực kỳ bất tiện khi ra ngoài, muốn gọi xe hay thanh toán",1
xiaomi-redmi-note-13,Redmi note 13 Có hỗ trợ NFC không bạn,5
xiaomi-redmi-note-13,"Máy bị phồng mặt lưng sau, cần hỗ trợ gấp",3
xiaomi-redmi-note-13,sạc nhanh 33w mà sạc 1 tiếng pin có 5000ma chưa đầy.dt thì nhanh hết pin,1
xiaomi-redmi-note-13,máy xài cũng rất ok mà chỉ có cái là pin xuống nhanh quá,3
xiaomi-redmi-note-13,không hỗ trợ nfc,1
xiaomi-redmi-note-13,Điện thoại lâu lâu là bị tắt tiếng tất cả YouTube và các ứng dụng khác đều bị tắt tiếng và phải khởi động lại mới nghe được tiếng là bị làm sao ạ,3
xiaomi-redmi-note-13,"Sau 1 thời gian sử dụng mình thấy máy dùng chán lắm,nhiều khi nhắn tin bấm cứ bị loạn phím.phải khởi động lại,pin cũng kém..",2
xiaomi-redmi-note-13,Điện thoại lõi quá trời,1
xiaomi-redmi-note-13,Mua được 1 ngày combo đơ lác sập nguồn nháy màn chán quá mà,1
xiaomi-redmi-note-13,"Nhân viên móng tay dài làm trầy xước màn hình,",3
xiaomi-redmi-note-13,"qua mua 5tr290 giờ giảm xuống rồi à mà gắn 2 sim vào bật 4G 1 sim xem ytb nó load suốt phải tháo ra, với lại k có NFC hơi lỏ rồi, k biết đổi máy khác được k, cần 5G và NFC",2
xiaomi-redmi-note-13,Sài rất ổn mượt mà Nhân viên nhiệt tình,5
xiaomi-redmi-note-13,Máy lag và pin nhah hết k dùg cũg tuột pin mua phí tiền cứ phải khởi động lại khó chịu vô cùng,2
xiaomi-redmi-note-13,Đt này có cái nhược điểm là Bắt sóng wifi rất yếu với Mạng lúc nào cũng chỉ 4 gạch k lúc nào là full gạch .. Cái j cung ok trừ cái bắt sóng ra,3
xiaomi-redmi-note-13,"Camera chụp tối k ổn nhoà lắm, chụp ngày thì ok",2
xiaomi-redmi-note-13,Máy mới mua gần 1 thang bị lỗi khi gọi tự tắt màn hình có cách nào khắc phục,4
xiaomi-redmi-note-13,Máy moi mua dùng nóng pin k dùng để qua đêm thì giảm 1012% k hài lòng,2
xiaomi-redmi-note-13,Mới mua chưa được tháng mà sạc đầy để qua đêm mất hơn 10% pin. Trong khi máy samsung m33 cũng để qua đêm như vậy mà chỉ mất có 1 2% thôi. Là sao vậy ad,3
xiaomi-redmi-note-13,Mới mua dùng đc 1 tuần hư loa ngoài,1
xiaomi-redmi-note-13,"Mua được 2ngay xài rất mượt, biết vậy bữa thêm ít nữa mua con này sớm rồi,mua con oppoA3x phí tiền",5
xiaomi-redmi-note-13,Mình mới mua xiao redmi 14c giờ muốn đổi trả như nào ạ,5
xiaomi-redmi-note-13,"từ khi dùng đt đến h chưa gặp máy nào như máy này. cũng đã dùng mấy đời máy của xiaomi rồi. mà máy này pin cực kỳ kém. 12h đêm đi ngủ pin còn 29%, 6h sáng dậy máy sập nguồn D",1
xiaomi-redmi-note-13,Máy hay bị lag có khi phải khởi động lại mới dùng dc rất khó chịu,2
xiaomi-redmi-note-13,"Máy ổn cái gì cũng được, nhưng sạc 100 pin xong để không không dùng , 15 phút sau còn 97% ... Có ai như tui không.",3
xiaomi-redmi-note-13,Mình vừa nhận hàng . Mua tặng nên k biết xài ntn nhưng chỉ có 1 cái mình k thích thay vì kèm ốp lưng trong thì lại kèm theo ốp lưng đen . Ko tôn lên đc màu của máy,4
xiaomi-redmi-note-13,"Mới mua 1 ngày, giờ mình ra đổi lấy con redmi 13 thì có được không Và mất bao nhiêu phí",3
xiaomi-redmi-note-13,"Rất ok trong tầm giá, thực tế màu của đt này rất tốt.",5
xiaomi-redmi-note-13,Theo như tôi dùng thì thấy rất ok loa khá ổn mọi thứ đều ổn trừ pin hơi nhanh hết,5
xiaomi-redmi-note-13,"Qua trải nghiệm 2 ngày, thấy Redmi note 13 hoàn thiện bên ngoài rất đẹp, màn AMOLED viền mỏng. Mọi thứ trải nghiệm OK. Tuy nhiên không hiểu sao sim chính Viettel tôi dùng bắt sóng khá yếu chỉ hiện 3 vạch khi trong nhà, đầy sóng khi đang gọi hoặc nhận cuộc gọi nhà mạng khác thì căng sóng, điều này ko ảnh hưởng lắm vì vẫn nghe gọi bình thường. Bắt sóng wifi thì tệ, chỉ mạnh khi khoảng cách không quá xa cục phát, so với những đt khác trong nhà đang dùng thì tệ hơn rất nhiều. Còn lại thì rất hài lòng. Đáng mua trong tầm giá",4
xiaomi-redmi-note-13,Vừa mua đk 3 hôm h đã giảm 600k bịp nhân viên ko tư vấn mấy hôm sau mua chỉ cốt bán đk hàng,1
xiaomi-redmi-note-13,Vừa mua đk 3 hôm đã giảm 600 k bịp,1
xiaomi-redmi-note-13,Tôi mua trực tiếp tại tgdd trần văn thời cà mau mấy hôm nay . Giá 5tr290 màu xanh bản 8128 có chác quá không,3
xiaomi-redmi-note-13,Dùng thấy ổn vì cũng chỉ dạo linh tinh ko chơi game lên thấy ổn,5
xiaomi-redmi-note-13,H thay kính cam hết nhiu ạ,5
xiaomi-redmi-note-13,Mình vừa dùng đc tầm 2 tháng. Ma giờ đt.đơ giật lác. Các kiểu. .giờ minh muốn đổi máy khác đc k,3
xiaomi-redmi-note-13,Máy quá tệ Sài tôn pin quá à,3
xiaomi-redmi-note-13,Mình mới mua được nửa tháng bị lỗi sóng di động khi gọi đến lúc được lúc không có được đổi máy mới không shop,4
xiaomi-redmi-note-13,Em muốn bán lại nhưng ko có phụ kiện thì mất bao nhiêu phần trăm ạ em mới mua tầm 1 tháng,4
xiaomi-redmi-note-13,lúc mình mua shop bảo có hỗ trợ NFC về coi không có liệu giờ có đối được không,3
xiaomi-redmi-note-13,"Điện thoại giảm bắt sóng 4g yếu, lổi tùm lum mới bảo hành về mà thấy vẩn giảm.",1
xiaomi-redmi-note-13,Sau một ngày sử dụng thì thấy máy rất pin nhanh hết trong khi 5000mahmàn hình 1080x2400 mà dùng như 480p upscale lêncamera thì tệso với con oppo k3 sx2019 thì kém trong khi máy thì mới ra năm nay,1
xiaomi-redmi-note-13,"Pin tụt rất nhanh mặc dù pin là 5000, thông số camera hơi ảo, sóng điện thoại chập chờn nghe gọi rất tệ, máy cài ở 120hz hay giật đơ, chơi game thì nóng máy rất nhanh.",1
xiaomi-redmi-note-13,"Mới mua ,Máy không Sài mà để pin nó cũng tụt như xe tụt dốc không phanh.loa thì nhỏ.",2
xiaomi-redmi-note-13,"DT vừa mua được khoảng 1 tuần, nhưng loa ngoài bị mất tiếng, mất sống thì có thể đổi máy mới không ạ .Xin cảm ơn",3
xiaomi-redmi-note-13,Các máy mua cùng đều lên được hyperOs mà máy tôi ko lên được,3
xiaomi-redmi-note-13,"mọi thứ rất ok với giá tiền, khuyên mọi người hạ tầng số quét xuống 60hz xài sẽ đỡ bị lỗi giật lag",4
xiaomi-redmi-note-13,"Viền màn hình mỏng, vân tay trong màn hình, đẹp lắm",5
xiaomi-redmi-note-13,"Tôi sẽ giới thiệu sản phẩm cho bạn bè, người thân",5
xiaomi-redmi-note-13,"Nhìn chung camera ổn, 108MB, theo như trải nghiệm của mấy hãng khác same same nhau, được cái màn hình đẹp, giá ổn",5
xiaomi-redmi-note-13,"Rất ổn, ngon nhất tầm giá, màn hình sáng rõ, chip Mỹ",5
xiaomi-redmi-note-13,Loa mặc dù là loa kép nhưng tệ quá.camera cũng vậy,3
xiaomi-redmi-note-13,Cái nhãn đằng sau điện thoại có cần giữ lại không ạ,4
xiaomi-redmi-note-13,Camera tệ thật,5
xiaomi-redmi-note-13,"Dùng 1 thời gian có hiện tượng lang giật, ko cảm ứng đc, giờ m muốn đổi sang máy khác thì sao ạ",3
xiaomi-redmi-note-13,Tôi thấy con note 13 này chỉ mỗi pin không ổn nhanh hết pin 5000 không được trâu lắm thua Xiaomi note 9 và 9s mới mua đc 1 tuần,3
xiaomi-redmi-note-13,"vừa mua xong thì giá giảm nên nhìn cái điện thoại là ko ưa nổi, cũng như TGDD, nhân viên chẳng có tâm gì cả",2
xiaomi-redmi-note-13,Không sử dụng cũng hao pin. Tối từ 69% sáng thức dậy còn 53%,1
